irga,Fellow Light Roast (Orig),Fellow Med Roast (Orig),Fellow Dark Roast (Orig),"Asprotimana Women's Coffee Colombia Huila 
7-APR-25",Nick's Recommended Profile from James Hoffmann Review,April Ethiopia Regessa 31-MAR-25,"Dark Matter Coffee Sin Cafeína Decaf
26-MAR-25","Immigrant Culture Citrus Harmony
24-MAR-25","Onyx Monarch
19-MAR-25","Equator Coffees Thailand Mae Chedi Anaerobic Natural
17-MAR-25","Methodical Oscuro Dark Roast
17-MAR-25","Brandywine Rwanda Cyesha Natural
10-MAR-25","Brandywine “Haiku While You Brew” Rwanda Kanzu Natural
10-MAR-25",Kiss the Hippo Peru El Morito 3-MAR-25,Flower Child El Nevado Decaf 26-FEB-25,Passenger Colombia Divino Niño 24-FEB-25,Counter Culture Cueva de los Llanos 17-FEB-25,Counter Culture Intango Dark Roast 17-FEB-25,Coffee Collective Kenya Kieni AB 10-FEB-25,Heart Colombia Diomed Montano Tovar 3-FEB-25,Loquat Costa Rica Finca Inés Semi-Washed Geisha 29-JAN-25,Loquat Costa Rica San Roque Semi-Washed 29-JAN-25,Linea Guatemala La Esperanza 27-JAN-25,Camber Ethiopia Tadesse Yonka Gemada 27-JAN-25,Equator Decaf Rwanda Nyamyumba Natural 22-JAN-25,"Drink Coffee, Do Stuff Official Ski Club Blend 17-JAN-25",KOS: Armando Leivas Dark Roast 13-JAN-25,Special Guests: Andres Cardona Purple Honey 13-JAN-25,"Square Mile: The Filter Blend
12-JAN-25","Square Mile: Decaf Filter
12-JAN-25","Square Mile: Standard Filter
12-JAN-25","Sey: Burundi Heza 
Sey: Burundi Buckeye
6-JAN-25","Sq Mile: Eth Telila Kecho Anderacha
30-DEC-24","Sq Mile: Eth Shoondhisa
30-DEC-24","Olympia Amparo Pajoy
23-DEC-24","Mulugeta Muntasha byBoon Boona
16-DEC-24",Guatemala Cuevitas Anaerobic by Sightglass 16-DEC-24,"Proud Mary Ethiopia Yirg Adado Natural
10-DEC-24","Red Rooster Good Tidings Blend
9-DEC-24","Red Rooster Leg Lamp Blend
9-DEC-24","Driftaway Ratnagiri Rosewater
2-DEC-24",Natural Onyx Advent 2024,Honey Onyx Advent 2024,Washed Onyx Advent 2024,Yirgafecta! Sightseer,Colombia Los Nogales Special Guests,Wonderstate Organic Ethiopia Danche,Black & White Esteban Zamora Cinnamon Anearobic,Black & White The Future: Fruit Cake,Camber Ethiopia Buliye,Brandywine Felloween IV,La Cabra Kiamugumo,La Cabra Rigoberto Sanchez,Verve Miel de Flores,Onyx Ethiopia Yabitu Koba,Watercolor by Methodical (Med roast),Wendelboe Kenya Kapsokiso (light),"Qabballe by ILSE
Ethiopia Natural (light)","Obsidian by Utopian
Nicaragua & Colombia (dark)",The Well EA Sugarcane Decaf Colombia (medium),"Santa Felisa by Bean & Bean
Light Guatemala Natural",Alvaro Rodriguez LPET by Hydrangea (washed light),"Methodical Colombia Limonada de Coco (Rodrigo Sanchez coconut limeade double co-ferment, med-light)",Bold Bean Kenya Kamwangi AA (double-washed light-medium),Yak Lt Co Pink Bourbon,Yak Light,"Yak Med-Light
(City+)","Yak Medium
(Med-Full City)",Boiling Water
Profile Link,,,,https://brew.link/p/rqyy,https://brew.link/p/h8uK,https://brew.link/p/nX77,https://brew.link/p/ukuu,https://brew.link/p/7w55,https://brew.link/p/5VPP,https://brew.link/p/SMaa,https://brew.link/p/7Mrr,https://brew.link/p/JZxx,https://brew.link/p/Ltbb,https://brew.link/p/WkLL,https://brew.link/p/LGee,https://brew.link/p/bbY9,https://brew.link/p/3XKJ,https://brew.link/p/I47q,https://brew.link/p/ovuq,https://brew.link/p/jgl8,https://brew.link/p/Oas4,https://brew.link/p/pRZe,https://brew.link/p/n4on,https://brew.link/p/gVLc,https://brew.link/p/sWad,https://brew.link/p/MD9E,https://brew.link/p/xzIE,https://brew.link/p/8bA6,https://brew.link/p/C6tX,https://brew.link/p/Iuog,https://brew.link/p/Gb2Z,https://brew.link/p/mxdr,https://brew.link/p/4H46,https://brew.link/p/4H46,https://brew.link/p/1um9,https://brew.link/p/tnO5,https://brew.link/p/Vn3m,https://brew.link/p/P1Ep,https://brew.link/p/bcX9,https://brew.link/p/ksF3,https://brew.link/p/MsI5,,,,,,,,,,,,,,https://brew.link/p/8SmU,,https://brew.link/p/Ww3a,,,,,,,,,https://brew.link/p/F1bu,https://brew.link/p/tJ0v,https://brew.link/p/sTWP,
Origin,,,,"Huila, Colombia",,"Sidama, Ethiopia",Colombia,"Huila, Colombia","Colombia, Ethiopia","Chiang Rai, Thailand","São Paolo, Brazil","Nyamasheke, Rwanda","Nyamasheke, Rwanda","San Jose de Lourdes, Peru","Huila, Colombia","Huila, Colombia","Narino, Colombia","Karongi, Rwanda","Nyeri, Kenya",Colombia,"Western Valley, Costa Rica","Western Valley, Costa Rica","Antigua, Guatemala","Sidama, Ethiopia","Rubavu, Western Province, Rwanda",Colombia,"Zacapa, Guatemala","Antioquia, Colombia","Peru, Bolivia",Mexico,,Burundi,"Jimma, Ethiopia","Guji, Ethiopia","Huila, Colombia","Sidama, Ethiopia","Huehuetenango, Guatemala","Yirgacheffe, Ethiopia","Colombia, Ethiopia","Burundi, Latin America","Karnataka, India",Various,Various,Various,"Yirgacheffe, Ethiopia","Huila, Colombia","Gedeb, Ethiopia","Tarrazu, Costa Rica", ,"Guji, Ethiopia","Guji, Ethiopa",Kenya,"Huila, Colombia","Santa Barbara, Honduras","Guji, Ethiopia",Peru & Costa Rica,"Mt. Elgon, Kenya","Guji, Ethiopia",Nicaragua and Colombia ,Colombia,"Acatenango, Guatemala","Cundinamarca, Colombia","Huila, Colombia","Kirinyaga, Kenya","Huila, Colombia",-,-,-,-
Roast,,,,Medium,,Light,Medium,Light,Dark,Light,Dark,Light,Light,Light,Light,Light,Light,Dark,Light,,Light,Light - Medium,Medium-Light,Light,Light,Medium,Medium-Dark,Light,Light,Light,Light,Light,Light,Light,Medium,Light,Medium,Medium,,,Light,Various,Various,Various,Medium,Light-Medium,Light,Light - Medium,Medium,Light,Light,Light,Light,Light,,Medium,Light,Light,Dark,Medium,Light,Light,Medium-Light,Light-Medium,Light,Light,Medium Light,Medium,-
Processing,,,,Washed,,Natural,SWP,Washed,Washed,Anearobic Natural,Natural,Natural,Natural,Washed,"Washed, EA Decaf",Washed,Washed,Washed,Washed (Double Fermentation),,Semi-Washed,Semi-Washed,Washed,Natural,"Natural, SWP","Washed, Anaerobic Honey",Washed,Natural Honey Co-Ferment,Washed,"Washed, Ethyl Acetate",,Washed,Washed,Natural,Washed,Natural,Anaerobic Washed,Natural,,,Washed & Anaerobic,Various,Various,Various,Washed & Natural,"Various 
(3 combined lots)",Washed,Cinnamon Anaerobic,Cinnamon Anaerobic,Natural,Natural,Washed,Washed,Honey,Washed,Washed / Natural,Washed,Natural,-,EA Sugarcane Decaf,Natural,Bio Innovation Washed,Double Anaerobic Multi Process Co-Ferment,Washed,Double Washed,-,-,-,-
Varietal,,,,"Castillo, Caturra, Colombia",,Krume 74158,Castillo,Orange Bourbon,Various,Chiang Mai,"Mundo Novo, Catuai",Bourbon,Bourbon,"Bourbon, Caturra","Caturra, Castillo, Pink Bourbon",Field Blend,"Caturra, Castillo","Bourbon, Mayaguez 71 & 139, Jackson","SL28, SL34, Ruiru 11, Batian",,Geisha,San Roque,Bourbon,Heirloom,Bourbon,"Caturra, Castillo, Bourbon",Caturra,"Castillo, Colombia","Catuai, Pache, Catimor, Cattura, Typica","Caturra, Mondo Novo, Pluma Hidalgo",,Various,"JARC 74110, JARC 74112","Gibirinna 74110, Serto 74112","Caturra, Colombia, arusi","74112, 74158","San Ramon, Pacas",Heirloom,,,"Catuai, Cauvery",Various,Various,Various,Heirloom,"Caturra, Yellow Colombia, Typica",Landrace,"Caturra, Catuai","Caturra, Catuai",Heirloom,"74158, Heirloom","SL28, SL34",Pink Bourbon,"Pacas, Catuai, Catimor",Heirloom,"Caturra, Catuai, CR95, Pache","K7, SL28, Sl34",Landrace,"Catimor, Catuai, Parainema, Castillo, Caturra",,Yellow Catuai,Castillo,Purple Caturra,"SL-28, Ruiri 11, Batian",Pink Bourbon,-,-,-,-
Elevation,,,,"1,590-1,750 MASL",,"2,270 MASL","1,500-1,800 MASL","1,850 MASL",,"1,250 MASL","800-1,1100 MASL","1,550-1,800 MASL","1,800-2,100 MASL","1,750 MASL","1,900 MASL","1,300 - 1,700 MASL","1,900-2,100 MASL","1,500-2,000 MASL","1,600-1,800 MASL",,"1,600-1,800 MASL","1,600-1,800 MASL","1,500 MASL","2,050 MASL","1,500-2,000 MASL",,"1,500 MASL","1,650 AMSL",,,,"2,100 - 2,200 MASL","2,000 MASL","2,000 - 2,150 MASL","1,800 MASL","2,150 - 2,400 MASL","1,750 - 2,100 MASL","1,795 - 2,150 MASL",,,"1,350 MASL",Various,Various,Various,"1,960-2,400 MASL","1,870-2,000 MASL","1,900-2,300 MASL","1,600-2,000 MASL","1,600-2,000 MASL","2,200 MASL","1,900-2,020 MASL","1,600 MASL","1,800 MASL",,"2,150-2,300 MASL","1,200 - 1,900 MASL","1,800 - 2,000 MASL","2,150 - 2,350 MASL","1,500 MASL","1,400 - 2,100 MASL","1,550 MASL","1,450 MASL","1,730 MASL","1,100 - 1,800 MASL",,-,-,-,-
Brew Ratio,1:17,1:16,1:16,1:16,1:16,1:16.5,1:14,1:14,1:16,1:16,1:15,1:16.5,1:16.5,1:15.5,1:17,1:16,1:17,1:17,1:15.5,1:16,1:16,1:16,1:15.5,1:16,1:16.5,1:15.5,1:14,1:14.5,1:16,1:15,1:16.5,1:18,1:16.5,1:16.5,1:15,1:16,1:16,1:16,1:17 (1:16.5 Batch),1:16,1:16,1:15.5,1:15,1:16,1:15,1:15.5,1:17,1:16.5,1:16,1:15,1:16,1:16.5,1:16.5,1:16,1:16,1:16,1:15.5,1:17,1:16,1:15,1:15,1:16,1:15.5,"1:15 single/sb, 1:18 large batch",1:16.5,1:16.5,1:16,1:16.5,1:16
Bloom Ratio,1:3,1:2,1:2,1:2,1:3,1:3,1:2,1:2.5,1:3,1:3,1:2,1:3,1:3,1:2,1:3,1:2.5,1:2.5,1:2.5,1:2,1:2,1:2,1:2,1:2.5,1:2,1:3,1:2.5,1:1.5,1:3,1:3,1:3,1:3,1:3,1:3,1:3,2.5:1,3:1,1:2,1:2,1:2,1:2.5,1:2,1:2.5,1:2,1:3,1:3,1:3,1:3,1:3,1:3,1:2,1:2,1:3,1:3,1:3,1:3,1:1.5,1:1.5,1:2,1:2,1:2,1:2.5,1:2,1/3,1:2.5,1:3,1:3,1:2,1:2,Disabled
Bloom Time,45,30,30,30,120,45,5,30,30,35,30,30,30,35,60,40,45,45,40,30,30,30,23,40,30,40,25,45,45,45,45,40,45,45,40,45,45,30,30,30,30,30,30,35,60,30,45,40,60,20,35,45,45,35,30,"not specified, try 30-45",40-45s,40-45s,"35 single, 45 batch",30,45,35,30,35,35,35,30,27,-
Bloom Temp,210 (99C),205 (96C),210 (99C),200 (93.5 C),205 (96 C),205 (96 C),205 (96 C),199.5 (93 C),199.5 (93 C),205 (92 C),198.5 (92.5 C),203 (95 C),205 (96 C),205 (96 C),210,205 (96 C),205 (96 C),205 (96 C),201 (94 C),210 (99 C),197.5 (92 C),196.5 (91.5 C),201 (93 C),208.5 (98 C),205 (96 C),199.5 (93 C),190.5 (88 C),192 (89 C),208.5 (98 C),205 (96 C),208.5 (98 C),206.5 (97 C),208.5 (98 C),208.5 (98 C),93 C,87.5 C,201 (94C),205 (96 C),203 (95 C),200 (93.5 C),204 (94 C),93 C,96 C,94.5 C,95.5 C,199 (93 C),205 (96C),204 (95.5C),190 (88 C),210 (99C),205 (96C),205 (96C),205 (96.1C),194 (90C),205 (96C),206 (96.5C),208 (98C),205 (96C),"190 (88C) single, 
195 (90.5C) batch",200 (93.5C),205 (96C),210 (99C),200 (93.5C),198 (92C),205 F (96 C),205 F (96 C),205 (96C),208.5 (98C),-
,,,,,,,,,,,,,,,,,,,,,,,,,,,,,,,,,,,,,,,,,,,,,,,,,,,,,,,,,,,,,,,,,,,,,
Single No. of Pulses on,3,3,3,3,2,3,2,3,3,4,3,2,2,4,5,3,4,3,3,3,2,2,3,4,3,3,3,3,2,2,2,3,3,3,3,3,3,3,3,3,3,4,3,4,3,5,7,3,2,4,3,3,3,3,3,3,2,2,3,3,3,3,3,3,3,3,3,3,1
Single Time btwn Pulses,45,23,23,25,15,20,60,23,23,25,23,30,30,23,23,20,23,28,23,23,30,30,23,20,30,23,23,23,15,15,15,30,20,20,30,23,23,20,20,20,23,30,30,30,20,20,20,22,25,20,30,45,45,35,30,40,40,40,20,30,30,20,30,30,20,20,23,23,23
Single Pulse Temps,210 (99 C),205 (96 C),185 (85 C),200 (93.5 C),205 (96 C),205 (96 C),205 (96 C),199.5 (93 C),"199.5, 192, 192 
(93, 89, 89 C)","197.5 200.5, 202, 197.5 (92, 93.5, 94.5, 92 C)",197.5 (92 C),203 (95 C),205 (96 C),"205, 203, 203, 201
(96, 95, 95, 94 C)","210, 208.5 x 4
(99, 98 x4 C)","205, 201, 199.5
(96, 94, 93 C)",205 (96 C),202 (94.5 C),201 (94 C),210 (99 C),197.5 (92 C),196.5 (91.5 C),199.5 (93 C),201 (94 C),205 (96 C),199.5 (93 C),"195 x2, 189.5
(90.5, 90.5, 87.5 C)","198.5 x 2, 195 
(92.5, 92.5, 90.5 C)",208.5 (98 C),205 (96 C),208.5 (98 C),206.5 (97 C),208.5 (98 C),208.5 (98 C),93 C,87.5 C,201 (94C),"200, 195, 195
93.5, 90.5, 90.5 C","203, 203, 200
95, 95, 93.5 C","197.5, 197.5, 195
92, 92, 90.5 C","201, 201, 199
94, 94, 93 C","93, 93, 89, 89 C","93, 90.5 90.5 C","93, 92, 91, 90 C",95.5 C,"194 F
(90 C)","205, 205, 204, 203, 202, 201, 200, 200 F
(96, 96, 95.5, 95, 94.5, 94, 93, 93 C)",204 (95.5C),"203, 199 (95, 93C)","208, 206, 204, 202 (98, 96.5, 95.5, 94.5C)",205 (96C),"205, 205, 205
(96, 96, 96)","205, 205, 205
(96.1, 96.1, 96.1)","194, 194, 194
(90, 90, 90)","205, 200, 190
(96, 93.5, 87.5)",205 (96C),208 (98C),208 (98C),"185, 185, 180 
(85, 85, 82C)",203 (95C),199 (93C),200 (93.5C),194 (90C),202 (94.5C),205 F (96 C),205 F (96 C),"205, 203, 201
(96, 95, 94)","192, 188.5,185
(89, 87, 85C)",99 C
Single Grind Setting,,,,"Ode + SSP: 6 - 6.2
Ode Gen 2 : 5 - 5.2
Opus: 6.1 - 7",,"Ode + SSP: 4 - 5
Ode Gen 2: 3 - 4
Opus: 4.1 - 5.1 (inner ring at 0)"," Ode + SSP: 4 - 5
Ode Gen 2: 3 - 4
Opus: 5 - 6","Ode + SSP: 4 - 5
Ode Gen 2 : 3 - 4
Opus: 2 - 3 (inner ring at 0)","Ode + SSP: 5 - 6
Ode Gen 2: 4 - 5
Opus: 5.2 - 6.2","Ode + SSP: 5 - 6
Ode Gen 2: 4 - 5
Opus: 5.5-6","Ode+SSP: 8.2 - 9.2
Ode G2: 8-9
Opus: 7 - 8","Ode + SSP: 4 - 5.2
Ode Gen 2: 3 - 4.2
Opus: 4 - 5.2","Ode + SSP: 4 - 5.2
Ode Gen 2: 3 - 4.2
Opus: 4 - 5.2","Ode + SSP: 4 - 5
Ode Gen 2: 3 - 4
Opus: 5 - 6","Ode + SSP: 3 - 4
Ode Gen 2: 2 - 3
Opus: 4 - 5 ","Ode + SSP: 6 - 7.1
Ode Gen 2: 5 - 6.1
Opus: 7 - 8.1 ","Ode+SSP: 6.2 - 7.2
Ode G2: 5.2 - 6.2
Opus: 7.2 - 8.2","Ode+SSP: 7.1 - 8.1
Ode G2: 6.1 - 7.1
Opus: 7 - 8","Ode+SSP: 4.2-5.2
Ode G2: 3.2-4.2
Opus: 5.2-6","Ode+SSP: 6.2-7.2
Ode G2: 5.2-6.2
Opus: 6-7","Ode+SSP: 5.1-6.1
Ode G2: 4.1-5.1
Ode G1: 3.1-4.1
Opus: 6.1-7.1","Ode+SSP: 4.2-5.2
Ode G2: 3.2-4.2
Ode G1: 2.2-3.2
Opus: 5.2-6.2","Ode+SSP: 3.1-4.1
Ode G2: 2.1-3.1
Opus: 4-5","Ode+SSP: 4.1-5.1
Ode G2: 3.1-4.1
Opus: 5-6","Ode+SSP: 4.1-5.1
Ode G2: 3.1-4.1
Opus: 5.1-6","Ode+SSP: 3.1-4.1
Ode G2: 2.1-3.1
Opus: 4.1-5","Ode+SSP: 6-7
Ode G2: 5-6
Opus: 7-8","Ode+SSP: 6-7
Ode G2: 5-6
Opus: 7-8",,,,"Ode+SSP: 4-4.2
Ode G2: 3-3.2
Opus: 4-5","Ode+SSP: 6.1-7
Ode G2: 5.1-6
Ode G1: 4.5-5
Opsu: 7-7.2","Ode+SSP: 6.1-7
Ode G2: 5.1-6
Ode G1: 4.5-5
Opsu: 7-7.2","Ode+SSP 4-5, Ode G2: 3-4, Opus 5-6","Ode+SSP: 3-4, Ode G2: 2-3, Opus: 3.2-4.2","Ode+SSP: 4-5, Ode Gen2: 3-4, Opus: 5-6","Ode + SSP: 4 - 5, Ode Gen 2: 3 - 4, Opus: 5 - 6","Ode + SSP: 4 - 4.2, Ode Gen 2: 3 - 3.2, Opus: 5 - 6","Ode + SSP: 4 - 4.2, Ode Gen 2: 3 - 3.2, Opus: 5 - 6","Ode + SSP: 5.1, Ode Gen 2: 4.1, Opus: 6.1 - 7
Medium",,,,"Ode + SSP: 7.1, Ode Gen 2: 6.1, Opus: 7.2 - 8","5.2 Ode+SSP, 4.2 Ode G2, 3.2 Ode G1, 6.1-6.2 Opus (Medium-Coarse)","5.1 Ode+SSP, 3.2 Ode G2, 5.2 Opus (Medium)","4.1 Ode+SSP, 3.1 Ode G2, .1 Opus (medium-coarse)","4.2 Oce+SSP, 3.2 Ode G2, 5.2 Opus (medium)","6 Ode+SSP, 5 Ode G2, 7 Opus (medium)","6 Ode+SSP, 5 Ode G2 (medium)",,,,,"Medium: 6.2 Ode+SSP, 5.2 Ode G2","Med-Fine: 4 Ode+SSP, 3 Ode G2","Med-Fine: 4 Ode+SSP, 3 Ode G2","Coarser 8.2 on Ode + SSP, 7.2 Ode Gen 2","5 on Ode + SSP, 4 Ode Gen 2 - a med grind setting for 150 ml"," 5.2 on Ode + SSP, 4.2 Ode Gen 2 - a medium-coarse grind  setting, for 150 ml","6 on Ode + SSP, 5 Ode Gen 2 - a coarser grind setting (150 ml)"," 150 - 450ml out, grind around 5 on Ode + SSP, 4 Ode Gen 2 - a medium grind setting","5 Ode + SSP, 4 Ode G2",,,,,-
,,,,,,,,,,,,,,,,,,,,,,,,,,,,,,,,,,,,,,,,,,,,,,,,,,,,,,,,,,,,,,,,,,,,,
Batch No. of Pulses,1,1,1,3,5,3,3,3,1,3,3,1,1,4,5,3,2,1,4,1,2,2,4,2,4,3,3,3,4,3,4,3,4,4,3,3,3,3,1,1,3,4,3,5,1,5,7,1,2,4,3,3,3,3,4,4,3,3,2,2,4,3,3 (4?),3,3,3,3,3,1
Batch Time btwn Pulses,30,30,30,30,30,30,30,30,30,40,30,30,30,30,30,25,30,30,30,30,30,30,30,30,25,30,30,30,25,25,20,35,30,30,32,30,30,20,30,30,30,30,30,30,30,20,20,-,25,20,30,45,45,35,30,40,40,40,27,30,30,20,30,30,23,23,23,23,30
Batch Pulse Temps,210 (99C),205 (96C),185 (85C),200 (93.5 C),"201, 197.5, 194, 190.5, 187
(94, 92, 90, 88, 86 C)",205 (96 C),205 (96 C),199.5 (93 C),199.5 (93 C),"200.5, 202, 197.5 (93.5, 94.5, 92 C)",197.5 (92 C),203 (95 C),205 (96C),"205, 205, 203, 201
(96, 96, 95, 94 C)","210, 208.5 x 4
(99, 98 x4 C)","205, 201, 199.5
(96, 94, 93 C)",205 (96 C),205 (96 C),201 (94 C),210 (99 C),197.5 (92 C),196 (91 C),199.5 (93 C),199.5 (93 C),205 (96 C),199.5 (93 C),"195 x2, 189.5
(90.5, 90.5, 87.5 C)","198.5, 196.5, 196  
(92.5, 91.5, 91 C)","208.5 x 3, 201
(98, 98, 98, 94 C)","205, 205, 194
(96, 96, 90 C)","208.5 x 3, 201
(98, 98, 98, 94 C)",206.5 (97 C),"208.5 x 2, 205, 201
(98, 98, 96, 94 C)","208.5 x 2, 205, 201
(98, 98, 96, 94 C)",93 C,87.5 C,201 (94C),"200, 195, 195
93.5, 90.5, 90.5 C",204 (93.5 C),197.5 (92 C),"201, 201, 199
94, 94, 93 C","93, 93, 87.5, 87.5","93, 90.5, 87.5 C","96, 93, 93, 90.5, 90.5 C",95.5 C,"194 F
(90 C)","205, 205, 204, 203, 202, 201, 200, 200 F
(96, 96, 95.5, 95, 94.5, 94, 93, 93 C)",204 (95.5C),"203, 199 (95, 93C)","208, 206, 204, 202 (98, 96.5, 95.5, 94.5C)",205 (96C),"205, 205, 205
(96, 96, 96)","205, 205, 205
(96.1, 96.1, 96.1)","194, 194, 194
(90, 90, 90)","205, 200, 190, 190
(96, 93.5, 87.5, 87.5)",205 (96C),208 (98C),205 (96C),"185, 180 (85, 82C)",203 (95C),199 (93C),200 (93.5C),194 (90C),202 (94.5C),205 F (96 C),205 F (96 C),"205, 203, 201
(96, 95, 94)","192, 188.5,185
(89, 87, 85C)",99 C
Batch Grind Setting,,,,"Ode + SSP: 7 - 9
Ode Gen 2: 6 - 8
Opus: 7 - 9 ",,"Ode+SSP: 7.2 - 9.2
Ode G2: 6.2 - 8.2
Opus: 7.2 - 9.2","Ode + SSP: 6 - 8
Ode Gen 2: 5 - 7
Opus: 6 - 8","Ode + SSP: 6 - 8
Ode Gen 2:  5 - 7
Opus: 4 - 6","Ode + SSP: 6 - 7.2
Ode Gen 2: 5 - 6.2
Opus: 6.2 - 8.2","Ode + SSP: 6 - 8
Ode Gen 2: 5 - 7
Opus: 6.5-7 ","Ode+SSP: 9.2-10.2
Ode Gen 2: 8.- 9.2
Opus: 8-9","Ode + SSP: 9 - 11
Ode Gen 2: 8 - 10
Opus: 9 - 11","Ode + SSP: 9 - 11
Ode Gen 2: 8 - 10
Opus: 9 - 11","Ode + SSP: 6 - 8
Ode Gen 2: 5 - 7
Opus: 7 - 9","Ode + SSP: 5 - 7
Ode Gen 2: 4 - 6
Opus: 6 - 8","Ode + SSP: 7.2 - 9
Ode Gen 2: 6.2 - 8
Opus: 8.3 - 10","Ode+SSP: 7.1 - 8.1
Ode G2: 6.1 - 7.1
Opus: 8.1 - 9.1","Ode+SSP: 8 - 9.1
Ode G2: 7 - 8.1
Opus: 9 - 10.1","Ode+SSP: 6.1-8
Ode G2: 5.1-7
Opus: 7.1-9","Ode+SSP: 8.2-9.2
Ode G2: 6.2-7.2
Opus: 9-10","Ode+SSP: 5.1-6.1
Ode G2: 4.1-5.1
Ode G1: 3.1-4.1
Opus: 6.1-7.1","Ode+SSP: 4.2-5.2
Ode G2: 3.2-4.2
Ode G1: 2.2-3.2
Opus: 5.2-6.2","Ode+SSP; 6-8
Ode G2: 5-7
Opus: 7-9","Ode+SSP; 6-7
Ode G2: 5-6
Opus: 7-8","Ode+SSP; 7-9
Ode G2: 6-7
Opus: 6-8","Ode+SSP: 6.2-10
Ode G2: 5.2-9
Opus: 7-10.2","Ode+SSP: 7-8.2
Ode G2: 6-7.2
Opus: 8-9","Ode+SSP: 7-8.2
Ode G2: 6-7.2
Opus: 8-9",,,,"Ode+SSP: 6.2-8.2
Ode G2: 5.2-7.2
Opus: 7-8","Ode+SSP: 8-9.2
Ode G2: 7-8.2
Opus: 9-9.2","Ode+SSP: 8-9.2
Ode G2: 7-8.2
Opus: 9-9.2","Ode+SSP: 6.1-9, Ode G2: 5.1-8, Opus: 7.1-8.1","Ode+SSP: 4.1-7, Ode G2: 3.2-6, Opus: 5-7","Ode+SSP: 7-8, Ode G2: 6-7, Opus: 8-9","Ode + SSP: 7 - 8, Ode Gen 2: 6 - 7,  Opus: 8 - 9","Ode + SSP: 5.2 - 8.2, Ode Gen 2: 4.2- 7.2,  Opus: 6.2 - 7.3","Ode + SSP: 5.2 - 8.1, Ode Gen 2: 4.2- 7.1,  Opus: 6.2 - 7.2","Ode + SSP: 6, Ode Gen 2: 5,  Opus: 7 - 7.1
Med-Coarse",,,,"Ode + SSP: 9, Ode Gen 2: 8,  Opus: 9","7.1 Ode+SSP, 6.1 Ode G2, 5.1 Ode G1, 7.2 Opus (Medium-Coarse)","5.2 Ode+SSP, 4.2 Ode G2, 6.2 Opus (Medium-Coarse)","4.2 Ode+SSP, 3.2 Ode G2, 5.2 Opus (medium-coarse)","5.2 Ode+SSP, 4.2 Ode G2, 6.2 Opus (medium-coarse)","8 Ode+SSP, 7 Ode G2, 9 Opus (coarser)","7 Ode+SSP, 6 Ode G2 (medium-coarse)",,,,,"Med - Coarse: 7.2-8.2 Ode+SSP, 6.2-7.2 Ode G2 for 600 ml","Coarse: 9 Ode+SSP, 10 Ode G2 for 1.5 l","Coarse: 9 Ode+SSP, 10 Ode G2 for 1.5 l","Coarser 11 on Ode + SSP, which is 10 on Ode Gen 2 for 1.5l","5.2 on Ode + SSP, which is 4.2 on Ode Gen 2 - a medium grind setting. (presume 1.5 l batch)","8.2 on Ode + SSP, which is 7.2 on Ode Gen 2 - a coarser setting. Grind setting (1.5 l)"," 9 on Ode + SSP, which is 8 on Ode Gen 2 - a coarser setting (1.5 l presumed)","751 - 1500ml, 8.2 on Ode + SSP, which is 7.2 on Ode Gen 2 - a coarser setting","451 - 750 ml 7.2 Ode + SSP, 6.2 Ode G2, Med-Coarse
751-1500 ml 10 Ode + SSP, 9 Ode G2 Coarser",,,,,-
Source / Comment / Rating,Built-in Aiden Profile,Built-in Aiden Profile,Built-in Aiden Profile,Brew Talks Blog,,Fellow Brew Talks Blog,Fellow Brew Talks Blog,Fellow Brew Talks Blog,Fellow Brew Talks Blog,Fellow Brew Talks Blog,Fellow Brew Talks Blog,Fellow Brew Talks Blog,Fellow Brew Talks Blog,Fellow Brew Talks Blog,Fellow Brew Talks Blog,Fellow Brew Talks Blog,Fellow Brew Talks Blog,Fellow Brew Talks blog,Fellow Brew Talks Blog,Fellow Brew Talks Blog,Fellow Brew Talks Blog,Fellow Brew Talks Blog,Fellow Brew Talks Blog,Fellow Brew Talks Blog,Fellow Brew Talks Blog,Fellow Brew Talks Blog,Fellow Brew Talks Blog,Fellow Brew Talks Blog,Square Mile Coffee Aiden More Details,Square Mile Coffee Aiden More Details,Square Mile Coffee Aiden More Details,Square Mile Coffee Aiden More Details,Fellow Brew Talks Blog,Fellow Brew Talks Blog,Fellow Brew Talks Blog,Fellow Brew Talks Blog,Fellow Brew Talks Blog,Fellow Drops Brew Talks Blog,Fellow Drops Brew Talks Blog,Fellow Drops Brew Talks Blog,Fellow Drop Brew Talks Blog,Fellow Drop from App/Aiden,Fellow Drop from App/Aiden,Fellow Drop from App/Aiden,Fellow Brew Talks Blog,Fellow Brew Talks Blog,Fellow Brew Talks Blog,Fellow Brew Talks Blog,Fellow Brew Talks Blog,Fellow Brew Talks Blog,Fellow Brew Talks Blog,,,,,From Fellow Brew Talks,From Fellow Brew Talks,From Fellow Brew Talks,From Fellow Brew Talks,From Fellow Brew Talks,From Fellow Brew Talks,From Fellow Brew Talks,From Fellow Brew Talks,"From Fellow Brew Talks
Different brew ratio recommendations for single/small and large batfch brew",,Same as Yak Lt Co Pink Bourbon,,,"Use for tea, etc. 
450 ML for cleaning with Tabz with lid off carafe to allow to soak for a few minutes before allowing to drain, repeat as needed."
,,,,,,,,,,,,,,,,,,,,,,,,,,,,,,,,,,,,,,,,,,,,,,,,,,,,,,,,,,,,,,,,,,,,,
,,,,,,,,,,,,,,,,,,,,,,,,,,,,,,,,`,,,,,,,,,,,,,,,,,,,,,,,,,,,,,,,,,,,,,
,,,,,,,,,,,,,,,,,,,,,,,,,,,,,,,,,,,,,,,,,,,,,,,,,,,,,,,,,,,,,,,,,,,,,
,,,,,,,,,,,,,,,,,,,,,,,,,,,,,,,,,,,,,,,,,,,,,,,205,,,,,,,,,,,,,,,,,,,,,,